{"cameraMode":{"drawMode":0,"name":"Shaded","section":"Shading Mode"},"sceneLighting":false,"audioPlay":false,"sceneViewState":{"m_AlwaysRefresh":false,"showFog":true,"showSkybox":false,"showFlares":true,"showImageEffects":true,"showParticleSystems":true,"showVisualEffectGraphs":true,"m_FxEnabled":true},"in2DMode":false,"pivot":{"x":-44.53477478027344,"y":2.2246997356414797,"z":15.776993751525879},"rotation":{"x":0.08816500753164292,"y":-0.0701659545302391,"z":0.006225960329174995,"w":0.9936133623123169},"size":0.25336411595344546,"orthographic":false}