{"cameraMode":{"drawMode":0,"name":"Shaded","section":"Shading Mode"},"sceneLighting":false,"audioPlay":false,"sceneViewState":{"m_AlwaysRefresh":false,"showFog":true,"showSkybox":false,"showFlares":true,"showImageEffects":true,"showParticleSystems":true,"showVisualEffectGraphs":true,"m_FxEnabled":true},"in2DMode":false,"pivot":{"x":2.1197257041931154,"y":-1.1609920263290406,"z":-0.06631982326507569},"rotation":{"x":0.17793750762939454,"y":0.6448167562484741,"z":-0.1580776423215866,"w":0.7263916730880737},"size":3.1648402214050295,"orthographic":false}