{"cameraMode":{"drawMode":0,"name":"Shaded","section":"Shading Mode"},"sceneLighting":false,"audioPlay":false,"sceneViewState":{"m_AlwaysRefresh":false,"showFog":true,"showSkybox":false,"showFlares":true,"showImageEffects":true,"showParticleSystems":true,"showVisualEffectGraphs":true,"m_FxEnabled":true},"in2DMode":false,"pivot":{"x":-0.45396965742111208,"y":0.07697179913520813,"z":-0.5741901397705078},"rotation":{"x":0.1144777163863182,"y":0.8825551271438599,"z":-0.2820674479007721,"w":0.3584781885147095},"size":2.736689567565918,"orthographic":false}