{"cameraMode":{"drawMode":0,"name":"Shaded","section":"Shading Mode"},"sceneLighting":false,"audioPlay":false,"sceneViewState":{"m_AlwaysRefresh":false,"showFog":true,"showSkybox":false,"showFlares":true,"showImageEffects":true,"showParticleSystems":true,"showVisualEffectGraphs":true,"m_FxEnabled":true},"in2DMode":false,"pivot":{"x":1.5633784532546998,"y":-0.0470864400267601,"z":-1.1540815830230713},"rotation":{"x":0.13372310996055604,"y":0.8052709698677063,"z":-0.19865454733371736,"w":0.5424667596817017},"size":2.283893346786499,"orthographic":false}